[{
	"_id": {
		"$oid": "5eee651f739f8c674fd736ee"
	},
	"name": "Pizza Hải sản",
	"image": "pizza.png",
	"price": "15",
	"size": "SMALL"
}, {
	"_id": {
		"$oid": "5eee6671a27a66807cf2bea3"
	},
	"name": "Pizza Gà",
	"image": "pizza.png",
	"price": "25",
	"size": "MEDIUM"
}, {
	"_id": {
		"$oid": "5eee6692a27a66807cf2bea4"
	},
	"name": "Pizza Thịt bò xong khói",
	"image": "pizza.png",
	"price": "20",
	"size": "SMALL"
}, {
	"_id": {
		"$oid": "5eee66a5a27a66807cf2bea5"
	},
	"name": "Pizza Phở",
	"image": "pizza.png",
	"price": "30",
	"size": "LARGE"
}, {
	"_id": {
		"$oid": "5eee66c4a27a66807cf2bea6"
	},
	"name": "Pizza Thịt heo phô mai",
	"image": "pizza.png",
	"price": "18",
	"size": "MEDIUM"
}, {
	"_id": {
		"$oid": "5eee66cfa27a66807cf2bea7"
	},
	"name": "Pizza truyền thống",
	"image": "pizza.png",
	"price": "15",
	"size": "SMALL"
}, {
	"_id": {
		"$oid": "5eee66eea27a66807cf2bea8"
	},
	"name": "Pizza Thập cẩm đặc biệt",
	"image": "pizza.png",
	"price": "35",
	"size": "LARGE"
}, {
	"_id": {
		"$oid": "5eee6717a27a66807cf2bea9"
	},
	"name": "Pizza Hải sản đặc biệt",
	"image": "pizza.png",
	"price": "35",
	"size": "MEDIUM"
}]